Afghanistan,..,..,..,..,..,..,..,..,..,..,..,..,..,..,..,..,..,..,..,..,..,..,..,..,..,..,..,..,..,..,..,..,..,..,..,..,..,..,104,152,331,247,385,538,636.205316315297,646,,3.1%
Albania,..,..,..,..,..,..,..,..,..,..,..,..,..,..,..,..,..,..,..,..,..,..,152,332,307,428,551,300,504,408,598,699,733,889,"1,162","1,290","1,359","1,468","1,495","1,318","1,156","1,126","1,027","1,094",1141.66518167832,"1,102",,8.5%
Algeria,211,238,227,225,202,266,255,349,393,417,406,447,507,392,329,313,358,487,379,345,352,"1,290","1,390","1,140","1,395","1,120",880,"1,060","1,060",790,790,670,"1,070","1,750","2,460","2,060","1,610","2,120","2,202","2,059","2,044","1,942","1,942","2,000",2000,"2,000",,0.9%
American Samoa,..,..,..,..,..,..,..,..,..,..,..,..,..,..,..,..,..,..,..,..,..,..,..,..,..,..,..,..,..,..,..,..,..,..,..,..,..,..,..,..,..,..,..,..,..,..,,..
Andorra,..,..,..,..,..,..,..,..,..,..,..,..,..,..,..,..,..,..,..,..,..,..,..,..,..,..,..,..,..,..,..,..,..,..,..,..,..,..,..,..,..,..,..,..,..,..,,..
Angola,..,..,..,..,..,..,..,..,..,..,..,..,..,..,..,..,..,..,..,..,..,..,..,..,..,..,5,..,..,..,..,..,..,..,..,..,..,..,82,11,29,11,11,11,11.087,11,,0.0%
Antigua and Barbuda,..,..,..,..,..,..,..,..,..,..,..,..,..,..,..,..,11,12,12,13,13,3,3,12,12,3,12,16,22,22,21,27,18,20,21,18,19,21,22,21,20,20,21,21,21.1273507407407,22,,1.7%
Argentina,..,..,..,..,..,..,..,..,26,42,56,42,28,28,32,27,32,34,..,..,..,..,15,58,62,64,65,66,69,64,86,190,207,274,312,432,541,606,698,621,639,698,576,533,499.553575945958,500,,0.1%
Armenia,..,..,..,..,..,..,..,..,..,..,..,..,..,..,..,..,..,..,..,..,..,..,..,..,..,65,84,136,92,95,87,94,131,168,435,915,"1,169","1,644","1,904","1,440","1,669","1,799","1,915","2,192",2078.50424642589,"1,675",,19.1%
Aruba,..,..,..,..,..,..,..,..,..,..,..,..,..,..,..,..,..,..,..,..,..,3,3,3,4,4,12,2,3,7,8,10,9,10,13,1,1,5,7,9,5,5,5,6,7.44364484062408,11,,0.3%
Australia,181,176,229,281,309,287,305,327,415,495,632,741,771,900,956,"1,009","1,053","1,399","1,887","2,406","2,368","2,487","1,924","1,102","1,277","1,651","2,157","2,117","1,780","2,028","1,904","1,782","1,769","2,325","2,838",940,"1,015","1,342","1,526","1,335","1,864","2,449","2,441","2,460",2290.12398119496,"2,306",,0.2%
Austria,17,25,36,53,81,87,105,119,154,198,245,224,221,215,198,201,303,400,449,469,635,772,815,769,845,"2,243","2,068","1,799","1,810","1,809","1,809","1,779","1,983","2,498","2,526","2,315","2,099","2,449","2,671","2,591","2,526","2,815","2,656","3,193",3231.04448628616,"3,169",,0.7%
Azerbaijan,..,..,..,..,..,..,..,..,..,..,..,..,..,..,..,..,..,..,..,..,..,..,..,..,..,3,..,..,6,54,57,104,181,171,227,623,790,"1,268","1,518","1,255","1,410","1,893","1,990","1,733",1846.424,"1,538",,2.5%
"Bahamas, The",..,..,..,..,..,..,..,..,..,..,..,..,..,..,..,..,..,..,..,..,..,..,..,..,..,..,..,..,..,..,..,..,..,..,..,..,..,..,..,..,..,..,..,..,..,..,,..
Bahrain,..,..,..,..,..,..,..,..,..,..,..,..,..,..,..,..,..,..,..,..,..,..,..,..,..,..,..,..,..,..,..,..,..,..,..,..,..,..,..,..,..,..,..,..,..,..,,..
Bangladesh,..,..,..,..,..,..,19,79,115,171,339,381,527,642,501,503,576,748,764,758,779,769,912,"1,010","1,150","1,200","1,350","1,531","1,606","1,810","1,969","2,100","2,860","3,192","3,582","4,642","5,667","7,262","9,223","10,739","11,282","12,960","14,236","13,857",14968.5827862192,"15,760",,8.6%
Barbados,4,5,5,6,8,9,10,10,12,14,9,11,9,8,10,8,11,28,32,32,38,45,55,55,57,61,68,77,87,99,115,131,125,131,131,94,87,139,101,114,82,82,82,82,81.86879619,83,,1.9%
Belarus,..,..,..,..,..,..,..,..,..,..,..,..,..,..,..,..,..,..,..,..,..,..,..,0,0,29,350,295,315,209,140,149,141,222,256,199,268,288,583,504,575,891,"1,053","1,214",1247.8,"1,075",,1.6%
Belgium,..,..,..,..,..,..,..,..,..,..,..,..,..,..,..,..,..,..,..,..,..,..,..,..,..,..,..,..,..,..,..,..,"4,674","5,986","6,867","6,888","7,266","8,993","10,416","10,442","10,287","10,975","10,156","11,131",11493.9234802625,"11,060",,2.2%
Belize,..,..,..,..,..,..,..,..,..,..,..,..,..,..,18,21,24,19,17,22,18,16,20,17,13,14,17,23,23,26,26,31,28,34,35,45,64,73,76,79,78,75,76,74,80.3344176238619,83,,4.9%
Benin,..,..,..,..,7,18,28,39,56,73,77,62,37,44,42,40,51,60,71,91,101,118,137,109,89,100,86,71,90,77,87,84,76,55,63,147,195,240,207,126,139,172,208,208,207.77543942418,208,,2.4%
Bermuda,..,..,..,..,..,..,..,..,..,..,..,..,..,..,..,..,..,..,..,..,..,..,..,..,..,..,..,..,..,..,..,..,..,..,..,..,"1,182","1,450","1,391","1,346","1,261","1,175","1,191","1,225",1304.81077526371,"1,340",,23.8%
Bhutan,..,..,..,..,..,..,..,..,..,..,..,..,..,..,..,..,..,..,..,..,..,..,..,..,..,..,..,..,..,..,..,..,..,..,..,..,2,3,4,5,8,10,18,12,13.8282131160764,15,,0.8%
Bolivia,..,..,..,..,..,..,1,2,2,1,1,5,3,5,6,6,8,9,5,9,5,3,4,4,5,7,14,85,88,96,127,135,113,159,210,337,603,"1,055","1,135","1,058",960,"1,043","1,111","1,201",1183.63684446318,"1,200",,3.5%
Bosnia and Herzegovina,..,..,..,..,..,..,..,..,..,..,..,..,..,..,..,..,..,..,..,..,..,..,..,..,..,..,..,..,"2,044","1,905","1,607","1,525","1,526","1,746","2,068","2,038","2,149","2,686","2,718","2,127","1,822","1,958","1,846","1,929",2062.02434902336,"2,017",,11.2%
Botswana,..,..,..,..,..,43,61,69,57,58,77,75,56,56,50,31,37,54,55,49,86,84,94,74,70,59,50,48,43,34,26,26,27,39,92,118,104,92,47,15,22,20,18,36,42.2663491498496,43,,0.3%
Brazil,..,..,..,..,..,82,81,61,113,73,111,124,57,29,46,40,40,42,32,120,573,"1,113","1,792","1,244","2,064","3,314","2,531","1,978","1,642","1,862","1,647","1,776","2,448","2,824","3,577","2,805","3,287","3,306","3,643","2,889","2,754","2,798","2,583","2,537",2645.11759101,"2,809",,0.1%
Brunei Darussalam,..,..,..,..,..,..,..,..,..,..,..,..,..,..,..,..,..,..,..,..,..,..,..,..,..,..,..,..,..,..,..,..,..,..,..,..,..,..,..,..,..,..,..,..,..,..,,..
Bulgaria,..,..,..,..,..,..,..,..,..,..,..,..,..,..,..,..,..,..,..,..,..,..,..,..,..,..,42,51,51,43,58,826,"1,177","1,721","1,726","1,613","1,716","1,694","1,919","1,592","1,333","1,483","1,449","1,667",1684.2,"1,752",,3.0%
Burkina Faso,..,..,..,..,36,48,51,60,78,110,150,153,110,113,90,126,192,173,187,155,140,113,129,117,80,..,..,..,..,..,67,50,59,54,44,57,68,84,99,96,120,120,120,120,120.344771519523,120,,1.0%
Burundi,..,..,..,..,..,..,..,..,..,..,..,..,..,..,..,..,..,..,..,..,..,..,..,..,..,..,..,..,..,..,..,..,..,..,0,0,0,0,4,28,34,45,46,49,48.6394738999705,50,,1.6%
Cabo Verde,..,..,..,..,..,..,..,24,24,24,40,32,26,21,21,21,28,36,43,48,59,62,76,76,85,106,100,76,74,79,87,81,85,108,113,137,137,139,155,137,131,177,178,176,189.316278930952,194,,10.1%
Cambodia,..,..,..,..,..,..,..,..,..,..,..,..,..,..,..,..,..,..,..,..,..,..,9,10,11,12,12,12,120,106,121,133,140,138,177,164,184,186,188,142,153,160,172,176,381.664311754703,740.47,,1.8%
Cameroon,..,..,..,..,..,..,..,..,..,3,29,29,19,28,15,12,24,13,12,33,23,7,25,20,11,11,13,27,38,26,30,20,35,76,103,77,130,167,162,184,115,219,210,244,244.059166991982,244,,0.7%
Canada,..,..,..,..,..,..,..,..,..,..,..,..,..,..,..,..,..,..,..,..,..,..,..,..,..,..,..,..,..,..,..,..,..,..,..,912,"1,049","1,152","1,195","1,160","1,222","1,167","1,206","1,199",1179.03948869615,"1,201",,0.1%
Cayman Islands,..,..,..,..,..,..,..,..,..,..,..,..,..,..,..,..,..,..,..,..,..,..,..,..,..,..,..,..,..,..,..,..,..,..,..,..,..,..,..,..,..,..,..,..,..,..,,..
Central African Republic,..,..,..,..,..,..,..,2,1,..,0,0,0,0,..,..,..,..,..,0,0,0,..,0,..,..,..,..,..,..,..,..,..,..,..,..,..,..,..,..,..,..,..,..,..,..,,..
Chad,..,..,..,..,..,..,..,..,..,..,..,..,..,..,..,0,1,1,0,1,..,..,0,0,1,..,..,..,..,..,..,..,..,..,..,..,..,..,..,..,..,..,..,..,..,..,,..
Channel Islands,..,..,..,..,..,..,..,..,..,..,..,..,..,..,..,..,..,..,..,..,..,..,..,..,..,..,..,..,..,..,..,..,..,..,..,..,..,..,..,..,..,..,..,..,..,..,,..
Chile,..,..,..,..,..,..,..,..,..,..,..,..,..,1,1,1,0,1,0,1,0,..,..,..,..,..,..,..,..,..,13,12,12,12,12,13,3,3,3,4,..,..,170,137,136.351353000031,141,,0.1%
China,..,..,..,..,..,..,..,..,..,..,..,..,616,542,403,271,407,166,129,76,124,207,228,108,395,350,"1,670","4,586",344,530,758,"1,209","2,354","4,620","6,640","23,626","27,565","38,395","47,743","41,600","52,460","61,576","57,987","59,491",62332.3423077314,"63,938",,0.6%
Colombia,26,22,23,30,36,23,51,82,76,101,106,160,87,72,78,110,416,625,458,467,495,881,641,468,969,815,753,774,806,"1,315","1,612","2,055","2,476","3,076","3,190","3,346","3,899","4,460","4,827","4,125","4,031","4,101","4,019","4,450",4165.73107341833,"4,514",,1.1%
Comoros,..,..,..,..,..,..,..,..,..,..,2,1,2,2,2,4,5,7,7,8,10,10,16,16,15,12,..,..,..,..,..,..,..,..,..,54,63,74,101,100,87,108,110,116,125.960242280993,134.09,,18.6%
"Congo, Dem. Rep.",..,..,..,..,..,..,..,..,..,..,..,..,..,..,..,..,..,..,..,..,..,..,..,..,..,..,..,..,..,..,1,5,3,6,20,9,13,9,15,20,16,115,12,33,22.3783590977452,23,,0.1%
"Congo, Rep.",..,..,..,..,..,..,..,..,2,3,3,..,..,..,..,..,0,0,4,..,..,..,..,..,..,4,8,5,2,12,10,12,1,12,15,11,13,15,..,..,..,..,..,..,..,..,,..
Costa Rica,..,..,..,..,..,..,..,2,3,3,4,2,6,5,6,7,8,8,9,10,12,13,14,16,17,123,131,130,128,127,136,198,250,321,319,420,513,618,605,513,531,520,562,596,594.286384378772,608,,1.2%
Cote d'Ivoire,..,..,..,..,..,12,14,16,22,28,32,31,29,27,25,24,36,43,43,35,44,41,..,58,110,151,147,136,143,138,119,116,120,142,159,163,167,185,199,315,373,373,373,373,373.47756577848,373,,1.1%
Croatia,..,..,..,..,..,..,..,..,..,..,..,..,..,..,..,..,..,..,..,..,..,..,..,230,375,545,668,618,625,557,641,747,439,517,665,693,825,"1,072","1,234","1,208","1,212","1,348","1,385","1,497",1427.47238228512,"1,427",,2.5%
Cuba,..,..,..,..,..,..,..,..,..,..,..,..,..,..,..,..,..,..,..,..,..,..,..,..,..,..,..,..,..,..,..,..,..,..,..,..,..,..,..,..,..,..,..,..,..,..,,..
Curacao,..,..,..,..,..,..,..,..,..,..,..,..,..,..,..,..,..,..,..,..,..,..,..,..,..,..,..,..,..,..,..,..,..,..,..,..,..,..,..,..,..,34,30,33,37.9201074472353,38,,..
Cyprus,..,..,..,..,..,..,32,51,69,76,94,83,80,78,74,72,57,64,71,69,79,66,81,79,81,49,49,48,48,50,64,105,62,84,245,105,104,142,234,127,135,127,117,274,259.621183685067,261,,1.1%
Czech Republic,..,..,..,..,..,..,..,..,..,..,..,..,..,..,..,..,..,..,..,..,..,..,..,138,164,190,112,85,350,319,297,257,335,499,814,"1,460","1,688","1,897","1,134","1,196","1,229","1,394","1,409","1,738",1892.8791898024,"2,191",,0.9%
Denmark,..,..,..,..,..,..,..,..,..,..,..,..,..,..,..,..,..,..,..,..,..,..,464,450,439,523,..,852,766,803,667,699,785,941,"1,080",867,982,823,"1,295","1,219","1,078","1,357","1,274","1,217",1376.648151126,"1,378",,0.4%
Djibouti,..,..,..,..,..,..,..,..,..,..,..,..,..,..,..,..,..,..,..,..,..,13,13,19,14,12,11,11,12,12,12,12,15,25,25,26,28,29,30,32,33,32,33,36,35.6457593643971,36,,2.3%
Dominica,..,..,..,..,..,..,1,3,6,9,9,9,8,9,11,11,8,12,16,13,14,5,5,14,13,13,14,14,15,16,16,17,17,18,23,22,22,22,23,22,23,23,23,24,23.551134074074,24,,4.4%
Dominican Republic,25,15,24,24,27,28,112,124,132,161,183,183,190,195,205,242,225,273,289,301,315,330,347,759,798,840,963,"1,143","1,410","1,632","1,840","1,984","2,195","2,325","2,501","2,719","3,054","3,397","3,606","3,415","3,887","4,241","4,262","4,486",4810.69175595045,"4,986",,7.5%
Ecuador,..,..,..,..,..,..,3,..,..,..,..,..,..,..,..,..,3,3,2,1,51,56,75,203,276,386,489,648,799,"1,085","1,326","1,426","1,436","1,636","1,836","2,460","2,934","3,341","3,089","2,742","2,599","2,681","2,476","2,459",2473.19606918747,"2,434",,2.5%
"Egypt, Arab Rep.",..,..,..,..,..,..,..,928,"1,770","2,210","2,700","2,180","2,440","3,670","3,960","3,210","2,510","3,600","3,770","3,290","4,280","4,050","6,100","5,660","3,670","3,230","3,110","3,700","3,370","3,240","2,850","2,910","2,890","2,960","3,340","5,017","5,330","7,656","8,694","7,150","12,453","14,324","19,236","17,833",19570.4,"20,391",,6.8%
El Salvador,..,..,..,..,..,..,11,54,68,100,49,72,112,115,159,157,158,186,210,238,367,475,694,795,972,"1,063","1,080","1,200","1,341","1,384","1,765","1,926","1,959","2,127","2,567","3,029","3,483","3,709","3,755","3,402","3,472","3,644","3,910","3,971",4235.12968867041,"4,357",,16.8%
Equatorial Guinea,..,..,..,..,..,..,..,..,..,..,..,..,..,..,..,..,..,..,..,..,..,..,1,..,..,0,0,..,..,..,..,..,..,..,..,..,..,..,..,..,..,..,..,..,..,..,,..
Eritrea,..,..,..,..,..,..,..,..,..,..,..,..,..,..,..,..,..,..,..,..,..,..,..,..,..,..,..,..,3,4,3,..,..,..,..,..,..,..,..,..,..,..,..,..,..,..,,..
Estonia,..,..,..,..,..,..,..,..,..,..,..,..,..,..,..,..,..,..,..,..,..,..,..,..,3,1,2,2,3,2,4,11,19,51,167,264,402,411,362,306,320,407,411,536,522.803872416022,462,,2.0%
Ethiopia,..,..,..,..,..,..,..,4,7,9,12,10,10,11,11,14,14,9,11,6,5,10,15,18,25,27,16,9,27,34,53,18,33,46,134,174,172,358,387,262,345,513,624,624,624.371165526696,635,,1.1%
Faeroe Islands,..,..,..,..,..,..,..,..,..,..,..,..,..,..,..,..,..,..,..,..,..,..,..,..,..,..,..,..,48,50,43,39,40,44,49,80,89,109,137,139,146,158,158,158,158.411749981598,162,,..
Fiji,..,..,..,..,..,..,..,..,..,4,5,9,8,8,11,28,30,27,23,23,22,19,23,26,30,33,33,35,26,24,44,83,99,124,173,204,205,183,147,171,174,160,191,204,205.752889090658,211,,5.1%
Finland,..,..,..,..,..,19,24,47,65,91,106,96,108,97,49,51,74,78,105,71,63,101,103,77,67,74,146,235,375,444,473,491,477,526,666,693,691,766,908,875,848,751,866,"1,066",1105.84350926443,"1,110",,0.4%
France,..,..,..,..,..,628,653,"1,261","1,578","1,917","1,441","1,279","1,342","1,279","1,262","1,391","2,022","2,469","3,424","3,221","4,034","4,618","5,212","5,032","3,955","4,636","4,540","9,745","10,024","9,306","8,610","9,191","10,368","11,351","12,260","14,212","15,529","17,589","20,085","19,649","19,903","22,927","22,053","23,336",24968.2350460121,"24,414",,0.9%
French Polynesia,..,..,..,..,..,..,..,..,..,..,..,..,..,..,..,..,..,..,..,..,..,..,..,..,..,..,..,..,..,..,..,..,408,508,598,557,622,689,763,728,694,756,669,689,689.386135933591,706,,..
Gabon,..,..,..,..,..,..,..,..,0,0,0,0,0,0,0,0,0,0,0,0,..,..,..,..,..,4,6,6,6,4,6,5,3,6,7,11,..,..,..,..,..,..,..,..,..,..,,..
"Gambia, The",..,..,..,..,..,..,..,..,0,0,..,..,0,1,..,..,..,..,..,..,..,..,..,..,..,..,..,..,..,..,..,..,..,54,61,59,64,56,65,80,116,108,141,181,180.692707193322,181,,22.4%
Georgia,..,..,..,..,..,..,..,..,..,..,..,..,..,..,..,..,..,..,..,..,..,..,..,..,..,..,..,284,373,360,210,222,231,236,303,446,627,883,"1,065","1,112","1,184","1,547","1,770","1,945",1986.47492363,"1,625",,12.0%
Germany,..,210,246,314,357,420,450,536,732,849,"2,380","2,123","2,230","2,122","1,964","2,018","2,778","3,587","3,839","3,754","4,878","4,824","4,923","4,392","4,405","4,526","4,345","3,857","4,266","4,334","3,640","3,931","4,686","5,780","6,581","6,867","7,481","9,769","10,974","12,335","12,792","16,995","16,434","16,984",17629.1229858056,"17,494",,0.5%
Ghana,..,..,..,..,..,..,..,..,..,1,1,1,2,1,5,4,1,1,6,6,6,6,7,10,16,17,28,26,30,31,32,46,44,65,82,99,105,117,126,114,136,152,138,119,119.296,119,,0.3%
Greece,..,..,..,..,..,..,805,940,989,"1,184","1,123","1,172","1,144",964,945,807,967,"1,403","1,742","1,387","1,822","2,178","2,535","2,655","2,890","3,284","3,075","3,066",..,"2,287","2,191","2,013","1,658","1,561","1,242","1,220","1,543","2,484","2,687","2,020","1,499","1,186",681,805,734.711614674118,736,,0.3%
Greenland,..,..,..,..,..,..,..,..,..,..,..,..,..,..,..,..,..,..,..,..,..,..,..,..,..,..,..,..,..,..,..,..,..,..,..,..,..,..,..,..,..,..,..,..,..,..,,..
Grenada,..,..,..,..,..,..,..,..,..,..,..,..,..,..,..,..,17,22,24,17,18,8,9,18,26,38,41,41,42,44,46,47,48,49,72,27,28,29,29,28,28,29,29,30,29.6458851851852,30,,3.4%
Guam,..,..,..,..,..,..,..,..,..,..,..,..,..,..,..,..,..,..,..,..,..,..,..,..,..,..,..,..,..,..,..,..,..,..,..,..,..,..,..,..,..,..,..,..,..,..,,..
Guatemala,..,..,..,..,..,..,..,14,22,24,26,25,11,4,3,1,1,0,46,85,119,179,231,241,285,358,375,408,457,466,596,633,"1,601","2,150","2,632","3,067","3,700","4,236","4,460","4,019","4,232","4,524","5,031","5,379",5836.6272862,"6,408",,9.9%
Guinea,..,..,..,..,..,..,..,..,..,..,..,..,..,..,..,..,0,0,27,..,..,..,..,..,0,1,1,1,5,6,1,9,15,111,42,42,30,15,62,52,46,65,66,93,93.01,93,,1.4%
Guinea-Bissau,..,..,..,..,..,..,..,..,..,..,..,..,..,..,..,..,..,..,2,1,1,..,..,..,..,..,2,2,..,..,..,10,18,23,28,20,26,43,49,49,46,52,46,46,45.6351876325469,46,,4.5%
Guyana,..,..,..,..,..,..,..,..,..,..,..,..,2,1,3,..,..,..,..,..,..,..,1,1,1,2,15,15,14,21,27,22,51,99,153,201,218,278,274,262,368,412,469,328,328.2,336,,10.2%
Haiti,..,18,23,23,22,59,75,75,76,85,106,127,97,90,90,96,105,113,124,123,..,..,..,..,..,..,..,..,327,422,578,624,676,811,932,986,"1,063","1,222","1,370","1,376","1,474","1,551","1,612","1,781",1954.15903342903,"1,997",,22.4%
Honduras,..,..,..,..,1,1,1,1,1,2,2,2,2,2,2,2,2,34,42,49,63,83,112,64,89,124,157,190,225,328,484,623,818,883,"1,177","1,805","2,337","2,614","2,821","2,477","2,618","2,811","2,920","3,136",3370.03502798547,"3,931",,17.8%
"Hong Kong SAR, China",..,..,..,..,..,..,..,..,..,..,..,..,..,..,..,..,..,..,..,..,..,..,..,..,..,..,..,..,154,131,136,153,121,120,240,297,294,317,355,348,340,352,367,360,371.933202827234,381,,0.1%
Hungary,..,..,..,..,..,..,..,..,..,..,..,..,..,..,..,..,..,..,..,..,..,..,..,..,..,152,169,214,221,213,281,296,279,295,"1,722","1,913","2,073","2,309","2,522","1,747","2,069","2,785","3,513","4,325",4331.41342552947,"4,222",,3.2%
Iceland,..,..,..,..,..,..,1,2,2,2,2,3,1,2,7,5,8,15,22,30,62,65,64,58,48,63,74,70,76,85,88,74,73,96,112,62,74,98,115,85,120,130,144,176,215.830930180672,218,,1.3%
India,..,..,..,..,..,430,643,935,"1,161","1,441","2,761","2,302","2,622","2,662","2,293","2,472","2,243","2,663","2,317","2,610","2,382","3,294","2,896","3,527","5,855","6,224","8,763","10,334","9,477","11,122","12,845","14,229","15,707","21,015","18,753","22,125","28,334","37,217","49,977","49,204","53,480","62,499","68,821","69,970",70388.6427965471,"72,178",,3.4%
Indonesia,..,..,..,..,..,..,..,..,..,..,..,..,..,10,53,61,71,86,99,167,166,130,229,346,449,651,796,725,958,"1,110","1,190","1,050","1,260","1,490","1,866","5,420","5,722","6,174","6,794","6,793","6,916","6,924","7,212","7,614",8551.36255269178,"10,487",,1.0%
"Iran, Islamic Rep.",..,..,..,..,..,..,..,..,..,..,..,..,..,..,..,..,..,..,..,..,..,"1,200","1,196","1,500","1,200","1,600",658,400,680,508,536,682,851,"1,178","1,032","1,032","1,032","1,115","1,115","1,072","1,181","1,330","1,330","1,330",1330,"1,342",,0.3%
Iraq,..,..,..,..,..,..,..,..,..,..,..,..,..,..,..,..,..,..,..,..,..,..,..,..,..,..,..,..,..,..,..,..,..,..,..,711,389,3,71,152,177,223,271,271,271,277,,0.1%
Ireland,..,..,..,..,..,..,..,..,..,..,..,..,..,..,..,..,..,..,..,..,286,278,322,297,324,347,362,314,274,295,252,244,316,337,414,513,539,590,633,573,658,755,706,724,707.44194111003,704,,0.3%
Isle of Man,..,..,..,..,..,..,..,..,..,..,..,..,..,..,..,..,..,..,..,..,..,..,..,..,..,..,..,..,..,..,..,..,..,..,..,..,..,..,..,..,..,..,..,..,..,..,,..
Israel,72,140,190,178,130,101,72,106,194,335,421,532,281,243,253,209,449,614,542,784,812,877,"1,161","1,264","1,605",701,640,665,446,486,400,499,410,423,715,377,489,580,628,507,572,595,685,765,881.379055023193,885,,0.3%
Italy,"1,232","1,367","1,552","1,461","1,214","1,602","1,402","2,159","3,000","3,706","4,013","3,533","3,533","3,389","3,274","3,237","4,397","4,462","4,826","5,076","5,068","3,697","2,969","2,668","2,418","2,360","2,585","2,280","2,121","1,997","1,936","2,271","2,262","2,144","2,176","2,318","2,556","3,063","4,919","4,646","5,774","6,360","6,701","6,652",7256.08543645251,"7,176",,0.3%
Jamaica,..,..,..,..,..,..,89,82,69,90,96,107,111,84,74,146,112,121,154,208,229,182,216,239,522,653,715,730,758,790,892,"1,059","1,260","1,399","1,627","1,762","1,924","2,122","2,157","1,889","2,026","2,106","2,158","2,161",2258.6370070673,"2,310",,15.7%
Japan,..,..,..,..,..,..,..,90,130,160,140,190,210,180,210,..,..,..,..,..,..,508,582,777,874,"1,150","1,228","1,346","1,239","1,109","1,374","1,987","1,821","1,079",930,905,"1,177","1,384","1,732","1,595","1,684","2,132","2,540","2,364",3733.45498849946,"4,509",,0.1%
Jordan,..,..,21,45,75,167,411,470,521,601,794,"1,030","1,080","1,110","1,240","1,020","1,180",938,895,627,499,448,844,"1,040","1,090","1,437","1,698","1,824","1,621","1,754","1,845","2,011","2,142","2,200","2,332","2,421","2,794","3,326","3,510","3,465","3,517","3,368","3,490","3,643",3701.32983301727,"3,776",,10.3%
Kazakhstan,..,..,..,..,..,..,..,..,..,..,..,..,..,..,..,..,..,..,..,..,..,..,..,..,..,116,89,60,72,64,122,171,205,147,166,62,84,143,126,198,226,180,171,207,241.803657918472,193,,0.1%
Kenya,..,..,..,..,..,6,7,4,13,18,13,7,7,6,6,6,10,11,12,11,8,4,83,..,71,87,88,507,532,585,..,51,57,66,376,425,570,645,667,631,686,934,"1,211","1,304",1440.84602234359,"1,571",,2.4%
Kiribati,..,..,..,..,..,..,..,..,..,..,..,..,..,..,..,..,..,..,..,..,..,..,..,..,..,..,..,..,..,..,..,..,..,..,..,..,10,10,11,11,12,12,13,13,12.7662820871559,13,,7.7%
"Korea, Dem. Rep.",..,..,..,..,..,..,..,..,..,..,..,..,..,..,..,..,..,..,..,..,..,..,..,..,..,..,..,..,..,..,..,..,..,..,..,..,..,..,..,..,..,..,..,..,..,..,,..
"Korea, Rep.",..,..,..,..,..,..,47,103,105,101,563,690,784,921,946,"1,158","1,738","2,075","2,510","2,187","2,412","2,674","2,932","2,889","3,085","3,494","3,635","4,366","5,596","4,707","4,862","4,836","5,530","6,301","6,574","5,178","4,826","5,130","6,952","5,982","5,836","6,582","6,571","6,455",6481.4,"6,594",,0.5%
Kosovo,..,..,..,..,..,..,..,..,..,..,..,..,..,..,..,..,..,..,..,..,..,..,..,..,..,..,..,..,..,..,..,..,..,..,624,701,771,919,"1,042","1,055",997,"1,122","1,059","1,122",1157.74504301258,"1,119",,15.9%
Kuwait,..,..,..,..,..,..,..,..,..,..,..,..,..,..,..,..,..,..,..,..,..,..,..,..,..,..,..,..,..,..,..,..,..,..,..,..,..,..,..,..,5,6,3,4,3.83965152291091,4,,..
Kyrgyz Republic,..,..,..,..,..,..,..,..,..,..,..,..,..,..,..,..,..,..,..,..,..,..,..,2,1,1,2,3,25,18,9,11,37,78,189,313,473,704,"1,223",982,"1,266","1,709","2,031","2,278",2242.8272921751,"1,740",,30.3%
Lao PDR,..,..,..,..,..,..,..,..,..,..,..,..,..,..,3,4,4,4,7,8,11,10,11,12,10,22,45,41,50,1,1,1,1,1,1,1,4,6,18,38,42,110,59,60,59.62604031,68,,0.5%
Latvia,..,..,..,..,..,..,..,..,..,..,..,..,..,..,..,..,..,..,..,..,..,..,..,..,..,..,41,46,49,49,72,112,138,174,230,381,482,552,601,591,616,697,732,764,792.984835686866,738,,2.5%
Lebanon,..,..,..,..,..,..,..,..,..,..,..,..,..,..,..,..,..,..,..,..,..,..,..,..,..,..,..,..,..,..,..,..,"2,540","4,739","5,589","4,924","5,202","5,769","7,181","7,558","6,914","6,913","6,730","7,864",7445.78553991503,"7,498",,16.3%
Lesotho,..,..,..,..,..,122,138,165,177,213,263,291,348,378,323,224,255,353,372,365,428,437,455,401,320,411,388,379,295,276,478,402,390,557,627,599,614,638,576,548,610,649,554,462,398.718388692718,405,,19.1%
Liberia,..,..,..,..,..,..,..,..,..,..,..,..,..,..,..,..,..,..,..,..,..,..,..,..,..,..,..,..,..,..,..,..,..,..,58,32,79,62,58,25,31,360,516,383,466.321957504749,568,,26.1%
Libya,..,..,..,..,..,..,..,..,..,..,..,..,..,..,..,..,..,..,..,..,..,..,..,..,..,..,..,..,..,..,9,10,7,8,10,15,16,..,..,..,..,..,..,..,..,..,,..
Liechtenstein,..,..,..,..,..,..,..,..,..,..,..,..,..,..,..,..,..,..,..,..,..,..,..,..,..,..,..,..,..,..,..,..,..,..,..,..,..,..,..,..,..,..,..,..,..,..,,..
Lithuania,..,..,..,..,..,..,..,..,..,..,..,..,..,..,..,..,..,..,..,..,..,..,..,0,1,1,3,3,3,3,50,79,109,115,325,745,994,"1,433","1,565","1,239","1,673","1,954","1,508","2,060",2112.63112843272,"2,029",,4.4%
Luxembourg,..,..,..,..,..,..,..,..,..,..,..,..,..,..,..,..,..,..,..,..,..,..,..,..,..,730,711,649,657,652,579,577,810,"1,022","1,135","1,199","1,347","1,473","1,648","1,677","1,662","1,800","1,703","1,940",1937.13035338869,"1,837",,3.2%
"Macao SAR, China",..,..,..,..,..,..,..,..,..,..,..,..,..,..,..,..,..,..,..,..,..,..,..,..,..,..,..,..,..,..,..,..,209,161,355,53,55,54,52,48,47,48,47,49,48.6590830545684,51,,0.1%
"Macedonia, FYR",..,..,..,..,..,..,..,..,..,..,..,..,..,..,..,..,..,..,..,..,..,..,..,..,..,..,68,78,63,77,81,73,106,174,213,227,267,345,407,381,388,434,394,376,366.523867,365,,3.2%
Madagascar,..,..,..,..,0,0,1,0,0,0,0,0,0,0,6,5,6,5,4,10,8,13,15,14,13,14,11,12,11,12,11,11,29,16,12,115,175,301,375,338,547,398,397,427,427.48093536196,427,,4.0%
Malawi,..,..,..,..,..,..,..,..,..,..,..,..,..,..,..,..,..,..,..,..,..,..,..,..,1,1,1,1,1,1,1,1,1,14,18,23,15,21,17,17,22,25,28,28,28.3033804090948,29,,0.7%
Malaysia,..,..,..,..,..,4,4,4,4,5,..,..,..,..,..,..,..,49,100,139,185,130,153,176,119,116,164,194,190,323,342,367,435,571,802,"1,117","1,365","1,556","1,329","1,131","1,103","1,211","1,320","1,396",1565.00980639422,"1,669",,0.5%
Maldives,..,..,..,..,..,..,..,..,..,..,..,..,..,3,3,..,1,1,1,1,2,2,2,1,2,2,3,2,2,2,2,2,2,2,3,2,3,8,6,5,3,3,3,3,3.47002601482888,4,,0.1%
Mali,..,..,..,..,..,23,18,26,44,54,59,48,39,36,32,67,68,88,73,76,107,93,117,126,103,112,110,92,84,86,73,88,138,154,155,177,212,344,431,454,473,784,827,895,894.509061013943,895,,7.4%
Malta,..,18,18,20,19,22,32,36,26,29,35,28,39,43,37,35,46,46,52,70,58,42,30,25,24,19,20,17,21,27,20,14,23,27,31,34,36,50,54,53,36,37,200,351,644.451350411069,650,,6.7%
Marshall Islands,..,..,..,..,..,..,..,..,..,..,..,..,..,..,..,..,..,..,..,..,..,..,..,..,..,..,..,..,..,..,..,..,..,..,..,24,26,25,23,24,22,22,22,23,23.4474496196124,24,,12.3%
Mauritania,..,..,..,..,..,0,0,0,1,2,6,4,2,1,1,1,2,7,9,5,14,12,50,2,5,5,4,3,2,..,..,..,..,..,..,..,..,..,..,..,..,..,..,..,..,..,,..
Mauritius,..,..,..,..,..,..,..,..,..,..,..,..,..,..,..,..,..,..,..,..,..,..,..,..,118,132,160,168,180,178,177,215,215,215,215,215,215,215,215,211,226,249,249,249,249,249,,2.0%
Mexico,..,..,..,..,..,..,..,..,..,177,"1,039","1,220","1,226","1,391","1,564","1,619","1,771","1,987","2,442","2,790","3,096","3,026","3,700","3,977","4,127","4,365","4,945","5,551","6,504","6,649","7,522","10,150","11,030","16,620","19,830","22,742","26,543","26,880","26,041","22,076","22,080","23,588","23,366","23,022",24460.003532,"25,689",,1.9%
"Micronesia, Fed. Sts.",..,..,..,..,..,..,..,..,..,..,..,..,..,..,..,..,..,..,..,..,..,..,..,..,..,..,..,..,..,..,..,..,..,..,..,..,..,..,..,17,18,19,21,22,22.0465994779827,23,,7.0%
Moldova,..,..,..,..,..,..,..,..,..,..,..,..,..,..,..,..,..,..,..,..,..,..,..,..,..,1,87,114,124,112,179,243,324,487,705,915,"1,176","1,491","1,888","1,199","1,351","1,600","1,793","1,985",2074.57,"1,833",,26.1%
Monaco,..,..,..,..,..,..,..,..,..,..,..,..,..,..,..,..,..,..,..,..,..,..,..,..,..,..,..,..,..,..,..,..,..,..,..,..,..,..,..,..,..,..,..,..,..,..,,..
Mongolia,..,..,..,..,..,..,..,..,..,..,..,..,..,..,..,..,..,..,..,..,..,..,..,..,..,..,..,..,6,7,12,25,56,129,202,180,181,178,225,200,266,279,320,256,255.753956707727,249,,2.1%
Montenegro,..,..,..,..,..,..,..,..,..,..,..,..,..,..,..,..,..,..,..,..,..,..,..,..,..,..,..,..,..,..,..,..,..,..,..,..,..,196,298,303,301,343,333,423,431.270097343268,431,,9.4%
Morocco,..,..,..,..,..,533,547,590,763,949,"1,050","1,010",849,917,874,972,"1,401","1,592","1,301","1,340","2,010","1,990","2,170","1,960","1,830","1,970","2,170","1,891","2,010","1,940","2,160","3,260","2,880","3,610","4,220","4,589","5,451","6,730","6,894","6,269","6,423","7,256","6,508","6,882",7052.75703948992,"6,680",,6.6%
Mozambique,..,..,..,..,..,..,..,..,..,..,53,65,64,75,57,41,50,58,72,71,70,56,58,60,55,59,61,64,46,38,37,42,53,69,58,59,80,99,116,111,139,157,220,217,117.611387022275,118,,0.7%
Myanmar,..,..,..,..,..,..,..,..,..,..,..,..,..,..,..,..,..,6,7,9,6,2,0,28,42,81,123,147,136,135,102,116,105,84,117,129,115,81,55,54,115,127,275,229,105.381921009089,118,,0.2%
Namibia,..,..,..,..,..,..,..,..,..,..,..,..,..,..,..,..,..,..,..,..,13,14,16,15,15,16,14,13,11,10,9,9,8,12,15,18,16,16,14,13,15,15,13,11,11.4793093332262,12,,0.1%
Nepal,..,..,..,..,..,..,..,..,..,..,..,..,..,..,..,..,..,..,..,..,..,..,..,55,50,57,44,49,68,83,112,147,678,771,823,"1,212","1,453","1,734","2,727","2,983","3,464","4,217","4,793","5,589",5878.04760050068,"6,718",,29.9%
Netherlands,133,203,262,367,348,335,329,401,447,551,605,556,656,567,493,502,626,754,814,769,710,673,792,902,984,"1,359","1,757","1,495","1,464","1,976","1,158","1,358","1,215","2,025","2,163","1,259","1,552","1,630","1,649","1,712","1,720","1,788","1,642","1,619",1483.22405603188,"1,463",,0.2%
New Caledonia,..,..,..,..,..,..,..,..,..,..,..,..,..,..,..,..,..,..,..,..,..,..,..,..,..,..,..,..,..,..,..,..,333,449,493,512,537,491,544,509,492,594,498,558,557.503407750695,565,,..
New Zealand,..,..,108,156,162,157,127,144,155,207,256,260,294,301,275,256,304,380,492,585,761,651,602,833,"1,160","1,650","2,042","1,010",259,258,236,841,"1,150","1,070",958,352,335,384,421,331,371,455,462,459,462.266842216149,469,,0.2%
Nicaragua,..,..,..,..,..,..,..,4,4,5,..,..,..,..,..,..,..,..,..,..,..,..,10,25,50,75,95,150,200,300,320,336,377,439,519,616,698,740,820,770,825,914,"1,016","1,081",1140.2,"1,195",,9.7%
Niger,..,..,..,..,4,8,6,6,8,9,11,9,7,7,7,9,16,16,16,13,14,13,18,16,7,8,4,5,19,27,14,22,19,25,60,66,78,79,94,102,134,166,152,152,151.84305504749,152,,1.9%
Nigeria,..,..,..,..,..,..,..,20,3,8,22,16,18,14,12,10,4,3,2,10,10,66,56,793,550,804,947,"1,920","1,570","1,300","1,390","1,170","1,210","1,060","2,270","14,640","16,932","18,011","19,206","18,368","19,818","20,619","20,633","20,890",20921.4496084451,"20,865",,3.7%
Northern Mariana Islands,..,..,..,..,..,..,..,..,..,..,..,..,..,..,..,..,..,..,..,..,..,..,..,..,..,..,..,..,..,..,..,..,..,..,..,..,..,..,..,..,..,..,..,..,..,..,,..
Norway,..,..,..,..,..,8,9,66,68,73,102,125,107,101,101,105,111,135,138,141,158,174,190,166,170,239,309,289,301,288,270,279,333,392,465,505,529,617,685,631,680,765,767,791,760.297058917674,765,,0.2%
Oman,..,..,..,..,..,..,..,..,29,33,35,41,43,43,43,43,39,39,39,39,39,39,39,39,39,39,39,39,39,39,39,39,39,39,39,39,39,39,39,39,39,39,39,39,39.0117035110533,39,,0.0%
Pakistan,..,..,..,..,..,..,412,872,"1,310","1,500","2,050","2,070","2,590","2,940","2,580","2,540","2,450","2,180","1,870","2,020","2,010","1,550","1,570","1,450","1,750","1,710","1,280","1,710","1,170",996,"1,080","1,460","3,550","3,961","3,942","4,280","5,121","5,998","7,039","8,717","9,690","12,263","14,006","14,629",17066,"20,100",,6.9%
Palau,..,..,..,..,..,..,..,..,..,..,..,..,..,..,..,..,..,..,..,..,..,..,..,..,..,..,..,..,..,..,..,..,..,..,..,1,2,2,2,2,2,2,2,2,2.35993424851292,2,,0.9%
Panama,..,..,..,..,..,..,..,104,121,136,65,62,76,78,74,99,100,104,102,102,110,108,102,109,112,112,86,64,58,48,16,73,85,107,109,130,157,180,245,337,410,368,411,452,760.3,779,,1.6%
Papua New Guinea,..,..,..,..,..,..,14,9,9,9,5,5,6,4,5,6,7,13,10,7,5,21,21,20,20,16,15,14,10,8,7,6,6,7,10,7,4,8,7,5,3,17,14,15,13.3526474912111,28,,0.1%
Paraguay,..,..,..,..,..,6,7,18,38,36,52,63,41,33,24,10,14,23,24,40,34,42,64,95,148,287,297,298,286,268,278,264,202,223,238,161,336,341,363,377,410,541,634,591,591.044,611,,1.9%
Peru,..,..,..,..,..,..,..,..,..,..,..,..,..,..,..,..,..,..,..,..,87,148,240,289,473,599,597,636,647,670,718,753,705,869,"1,130","1,440","1,837","2,131","2,444","2,409","2,534","2,697","2,788","2,707",2638.97986432812,"2,654",,1.3%
Philippines,..,..,..,..,..,..,..,339,446,556,626,800,"1,049","1,124",718,806,861,"1,020","1,262","1,360","1,462","1,849","2,536","2,591","3,453","5,362","4,879","6,800","5,134","6,714","6,957","8,769","9,740","10,244","11,473","13,733","15,496","16,437","18,851","19,960","21,557","23,054","24,610","26,717",28403.4892465119,"29,665",,10.0%
Poland,..,..,..,..,..,..,..,..,..,..,..,..,..,..,..,..,..,..,..,..,..,..,..,..,581,724,774,848,"1,070",825,"1,496","1,563","1,683","2,281","4,724","6,471","8,486","10,468","10,408","8,094","7,614","7,477","7,149","7,027",7133.81639647484,"6,955",,1.3%
Portugal,..,..,..,..,..,"1,124",924,"1,194","1,694","2,482","2,971","2,875","2,634","2,187","2,198","2,163","2,654","3,368","3,527","3,704","4,476","4,720","4,762","4,316","3,807","3,950","3,790","3,583","3,628","3,644","3,496","3,647","2,927","3,040","3,303","3,061","3,310","3,891","3,990","3,524","3,545","3,778","3,904","4,372",4274.65795759666,"4,146",,1.9%
Puerto Rico,..,..,..,..,..,..,..,..,..,..,..,..,..,..,..,..,..,..,..,..,..,..,..,..,..,..,..,..,..,..,..,..,..,..,..,..,..,..,..,..,..,..,..,..,..,..,,..
Qatar,..,..,..,..,..,..,..,..,..,..,..,..,..,..,..,..,..,..,..,..,..,..,..,..,..,..,..,..,..,..,..,..,..,..,..,..,..,..,..,..,..,574,803,574,498.626373626374,503,,0.2%
Romania,..,..,..,..,..,..,..,..,..,..,..,..,..,..,..,..,..,..,..,..,..,..,..,..,11,9,18,16,49,96,96,116,143,124,132,"4,708","6,673","8,461","9,285","4,881","3,879","3,889","3,674","3,518",3430.69802331924,"3,278",,1.7%
Russian Federation,..,..,..,..,..,..,..,..,..,..,..,..,..,..,..,..,..,..,..,..,..,..,..,..,"4,568","2,506","2,772","2,267","1,921","1,290","1,275","1,404","1,359","1,453","2,499","3,437","3,820","4,666","5,737","5,105","5,250","6,103","5,788","6,751",7776.53391775753,"7,871",,0.4%
Rwanda,..,..,..,..,..,..,0,1,2,5,3,4,7,3,3,3,4,4,4,4,3,4,2,4,..,21,..,5,0,..,7,8,7,10,10,9,29,121,68,93,106,174,182,170,170.052937194844,172,,2.2%
Samoa,..,..,..,..,..,..,..,6,12,13,19,19,19,20,20,24,29,37,38,41,43,35,40,32,37,41,44,47,42,45,..,..,..,..,1,82,87,97,109,119,122,139,158,158,140.354489963588,171,,17.5%
San Marino,..,..,..,..,..,..,..,..,..,..,..,..,..,..,..,..,..,..,..,..,..,..,..,..,..,..,..,..,..,..,..,..,..,..,..,..,..,..,..,..,..,..,..,..,..,..,,..
Sao Tome and Principe,..,..,..,..,..,..,..,..,0,1,1,1,1,1,3,0,0,0,0,0,0,..,..,..,..,..,..,1,1,1,0,1,1,2,1,2,2,2,3,2,6,7,6,27,29.0644728553732,29,,8.7%
Saudi Arabia,..,..,..,..,..,..,..,..,..,..,..,..,..,..,..,..,..,..,..,..,..,..,..,..,..,..,..,..,..,..,..,..,..,..,..,94,106,124,216,214,236,244,246,269,269.36,274,,0.0%
Senegal,..,..,..,..,9,26,46,43,56,56,77,68,66,59,54,79,109,118,118,113,142,162,176,170,114,146,150,150,147,186,233,305,345,511,633,789,925,"1,192","1,476","1,350","1,478","1,614","1,614","1,614",1613.91118636674,"1,614",,10.4%
Serbia,..,..,..,..,..,..,..,..,..,..,..,..,..,..,..,..,..,..,..,..,..,..,..,..,..,..,..,..,..,..,..,..,..,..,..,..,..,"3,062","2,708","3,933","3,349","3,271","3,545","4,023",3692.04653742548,"3,629",,8.4%
Seychelles,..,..,..,..,..,..,..,..,..,..,..,..,..,..,..,..,..,..,..,4,8,7,11,0,0,1,1,0,0,0,3,2,2,5,7,12,13,5,3,16,17,25,18,13,14.6219669819975,15,,1.0%
Sierra Leone,..,..,..,..,..,..,..,..,..,..,0,..,0,0,0,0,..,0,0,0,0,0,0,0,0,24,25,6,20,22,7,7,22,26,25,2,16,42,23,36,44,59,61,68,67.6184504174072,72,,1.4%
Singapore,..,..,..,..,..,..,..,..,..,..,..,..,..,..,..,..,..,..,..,..,..,..,..,..,..,..,..,..,..,..,..,..,..,..,..,..,..,..,..,..,..,..,..,..,..,..,,..
Sint Maarten (Dutch part),..,..,..,..,..,..,..,..,..,..,..,..,..,..,..,..,..,..,..,..,..,..,..,..,..,..,..,..,..,..,..,..,..,..,..,..,..,..,..,..,..,11,13,23,24.9136709034776,25,,..
Slovak Republic,..,..,..,..,..,..,..,..,..,..,..,..,..,..,..,..,..,..,..,..,..,..,..,79,48,26,21,29,24,20,18,..,24,426,529,946,"1,088","1,483","1,973","1,671","1,591","1,753","1,928","2,072",2394.96230069611,"2,367",,2.4%
Slovenia,..,..,..,..,..,..,..,..,..,..,..,..,..,..,..,..,..,..,..,..,..,..,38,52,273,272,280,242,228,225,205,201,216,238,266,261,279,320,349,296,317,456,607,593,715.757137731387,697,,1.4%
Solomon Islands,..,..,..,..,..,..,..,..,..,..,..,..,..,..,..,..,..,..,..,..,..,..,..,..,..,..,..,..,..,2,4,5,4,4,9,7,11,13,9,13,13,14,17,17,12.8916158754592,13.162,,0.9%
Somalia,..,..,..,..,..,..,..,..,..,..,..,..,..,..,..,..,..,..,..,..,..,..,..,..,..,..,..,..,..,..,..,..,..,..,..,..,..,..,..,..,..,..,..,..,..,..,,..
South Africa,15,15,17,16,26,36,29,29,44,51,67,87,80,74,65,39,36,45,50,89,135,129,119,102,99,105,102,206,283,327,344,298,288,435,523,614,692,792,784,862,"1,070","1,158","1,085",971,913.403103749989,"1,003",,0.3%
South Sudan,..,..,..,..,..,..,..,..,..,..,..,..,..,..,..,..,..,..,..,..,..,..,..,..,..,..,..,..,..,..,..,..,..,..,..,..,..,..,..,..,..,..,..,..,..,..,,..
Spain,..,..,..,..,..,"1,404","1,380","1,462","1,735","1,899","2,190","1,820","1,579","1,349","1,227","1,232","1,429","1,588","1,790","1,860","2,190","2,134","2,633","2,320","2,635","3,242","3,496","3,528","3,930","4,647","4,862","5,099","5,584","6,568","7,540","6,662","7,584","9,299","10,148","8,950","9,099","9,922","9,661","10,625",10743.8650089895,"10,511",,0.8%
Sri Lanka,..,..,..,..,..,9,13,18,39,60,152,230,289,295,301,292,326,350,358,358,401,442,548,632,715,809,851,942,"1,022","1,070","1,163","1,190","1,312","1,434","1,586","1,976","2,167","2,507","2,925","3,337","4,123","5,153","6,000","6,422",7036.65837100198,"7,189",,9.4%
St. Kitts and Nevis,..,..,..,..,..,..,..,..,..,..,1,1,1,1,1,1,11,11,12,19,19,1,1,15,18,20,21,22,25,26,27,28,29,30,31,30,33,36,40,39,47,45,51,52,51.5701359259259,52,,6.2%
St. Lucia,..,..,..,..,..,..,..,..,..,..,..,..,..,1,..,..,18,20,16,15,16,18,2,15,22,23,27,25,26,27,26,27,27,27,29,27,28,29,29,28,29,29,30,30,30.1469325925926,30,,2.2%
St. Martin (French part),..,..,..,..,..,..,..,..,..,..,..,..,..,..,..,..,..,..,..,..,..,..,..,..,..,..,..,..,..,..,..,..,..,..,..,..,..,..,..,..,..,..,..,..,..,..,,..
St. Vincent and the Grenadines,..,..,..,..,..,..,..,..,..,..,..,..,..,..,..,..,14,15,15,15,16,2,2,17,17,17,18,20,21,21,22,23,23,24,26,22,26,29,27,29,29,29,31,32,31.5877074074074,32,,4.3%
Sudan,..,..,..,..,..,..,..,40,69,128,263,384,133,275,285,261,113,138,217,417,62,45,124,75,107,346,221,419,687,665,641,739,978,"1,225","1,402",704,801,"1,000","1,591","1,394","1,100",442,401,424,342.784464890444,348,,0.5%
Suriname,..,..,..,..,..,..,..,3,5,5,6,6,4,6,6,5,2,2,3,2,1,4,5,4,0,..,..,0,..,2,..,0,15,24,9,4,2,3,2,5,4,7,8,8,9.55653260389336,9,,0.2%
Swaziland,..,..,..,..,4,8,10,12,14,17,35,40,37,53,53,48,55,79,95,110,113,108,110,83,77,83,76,84,78,70,57,53,45,65,83,95,96,95,90,93,55,38,31,30,30.0021322223087,30,,0.9%
Sweden,6,12,13,16,20,26,41,61,49,47,66,68,0,25,22,23,18,98,104,127,153,207,232,231,249,287,301,345,126,364,438,579,512,620,677,673,597,774,825,715,762,928,814,"4,202",4218.88458041413,"4,158",,0.7%
Switzerland,..,..,..,..,..,..,..,406,537,592,609,443,527,551,495,498,652,779,826,755,924,988,"1,044","1,052","1,212","1,478","1,390","1,205","1,225","1,220","1,120","1,305","1,377","1,703","1,894","1,721","1,795","1,796","2,215","2,342","2,495","2,716","2,522","2,596",2668.31735513715,"2,565",,0.4%
Syrian Arab Republic,..,..,..,..,..,..,..,92,636,901,774,436,411,387,321,350,323,334,360,430,385,350,550,352,535,339,313,238,220,198,180,170,135,889,855,823,795,"1,030","1,325","1,350","1,623","1,623","1,623","1,623",1622.53875,"1,623",,..
Tajikistan,..,..,..,..,..,..,..,..,..,..,..,..,..,..,..,..,..,..,..,..,..,..,..,..,..,..,..,..,..,..,..,..,79,146,252,467,"1,019","1,691","2,544","1,748","2,306","3,060","3,626","4,219",3853.539565,"2,962",,41.7%
Tanzania,..,..,..,..,..,..,..,..,0,..,..,..,..,..,..,..,..,..,..,..,..,..,..,..,..,1,19,2,12,7,8,15,12,9,14,19,15,25,37,40,55,78,67,59,59.413995,61,,0.1%
Thailand,..,..,..,..,..,18,24,45,104,188,383,477,618,846,893,878,796,842,927,943,973,"1,020",445,"1,110","1,280","1,700","1,810","1,660","1,420","1,460","1,700","1,250","1,380","1,610","1,620","1,187","1,333","1,635","1,898","2,776","3,580","4,554","4,713","5,690",5655.14997961496,"5,714",,1.5%
Timor-Leste,..,..,..,..,..,..,..,..,..,..,..,..,..,..,..,..,..,..,..,..,..,..,..,..,..,..,..,..,..,..,..,..,..,..,..,..,4,10,18,113,137,137,120,34,45.163761815079,47,,2.9%
Togo,..,..,..,..,4,5,7,8,9,8,10,8,6,6,7,15,21,20,21,23,27,29,16,12,15,15,29,26,19,23,34,69,103,148,179,193,232,284,337,335,337,244,345,345,344.760322463637,345,,7.6%
Tonga,..,1,1,2,5,7,5,6,..,..,..,..,8,16,13,22,21,22,17,15,24,19,21,21,..,..,..,..,..,..,..,53,66,60,69,69,79,101,94,72,76,70,112,114,114.197741209268,117,,26.3%
Trinidad and Tobago,..,..,..,..,..,3,2,1,1,1,6,4,5,5,4,3,0,2,2,3,3,5,7,20,27,32,28,30,45,54,38,41,79,87,87,92,91,109,95,109,91,126,126,126,126.068,129,,0.5%
Tunisia,..,..,..,..,..,..,142,168,221,283,319,361,372,360,317,271,348,459,498,450,551,525,531,446,629,680,736,685,718,761,796,927,"1,070","1,253","1,433","1,393","1,510","1,716","1,977","1,964","2,063","2,004","2,266","2,291",2290.5123641381,"2,291",,4.9%
Turkey,..,..,..,..,"1,430","1,310",982,982,983,"1,690","2,070","2,490","2,140","1,510","1,810","1,710","1,630","2,020","1,780","3,063","3,250","2,820","3,010","2,920","2,630","3,330","3,540","4,200","5,360","4,530","4,560","2,790","1,940",729,804,887,"1,146","1,248","1,658","1,165","1,100","1,210","1,153","1,135",1128,"1,085",,0.1%
Turkmenistan,..,..,..,..,..,..,..,..,..,..,..,..,..,..,..,..,..,..,..,..,..,..,..,..,..,..,4,..,..,..,..,..,..,..,..,..,14,29,48,33,35,34,37,40,34,15,,0.1%
Turks and Caicos Islands,..,..,..,..,..,..,..,..,..,..,..,..,..,..,..,..,..,..,..,..,..,..,..,..,..,..,..,..,..,..,..,..,..,..,..,..,..,..,..,..,..,..,..,..,..,..,,..
Tuvalu,..,..,..,..,..,..,..,..,..,..,..,..,..,..,..,..,..,..,..,..,..,..,..,..,..,..,..,..,..,..,..,..,..,..,..,5,4,6,6,5,4,5,4,4,4.05690804450588,4,,10.6%
Uganda,..,..,..,..,..,..,..,..,..,..,..,..,..,..,..,..,..,..,..,..,..,..,..,..,..,..,..,..,..,233,238,349,442,299,311,322,411,452,724,781,771,816,914,935,1028.50855927727,"1,053",,3.9%
Ukraine,..,..,..,..,..,..,..,..,..,..,..,..,..,..,..,..,..,..,..,..,..,..,..,..,..,..,6,12,12,18,33,141,209,330,411,"2,408","3,102","5,290","6,782","5,941","6,535","7,822","8,449","9,667",7354,"6,212",,5.6%
United Arab Emirates,..,..,..,..,..,..,..,..,..,..,..,..,..,..,..,..,..,..,..,..,..,..,..,..,..,..,..,..,..,..,..,..,..,..,..,..,..,..,..,..,..,..,..,..,..,..,,..
United Kingdom,..,..,..,..,..,..,..,..,..,..,..,..,..,..,..,..,..,"1,369","1,627","1,685","2,097","2,092","2,032","1,768","1,974","2,470","2,520","2,880","2,990","3,400","3,610","4,820","4,490","5,030","5,920","1,778","1,738","1,977","1,948","1,834","1,701","1,801","1,781","1,717",1773.53704927875,"1,789",,0.1%
United States,..,..,..,..,..,..,..,200,220,230,80,80,80,80,80,80,908,994,995,"1,020","1,170","1,300","1,800","1,820","1,940","2,180","2,180","2,270","2,440","4,250","4,400","4,510","4,570","4,670","4,730","4,795","5,068","5,219","5,364","5,740","5,930","6,104","6,354","6,695",6878,"6,998",,0.0%
Uruguay,..,..,..,..,..,..,..,..,..,4,..,..,..,..,..,..,..,..,..,..,..,..,..,..,..,..,..,..,..,..,..,0,36,62,70,77,89,96,108,101,103,129,122,123,122.034,123,,0.2%
Uzbekistan,..,..,..,..,..,..,..,..,..,..,..,..,..,..,..,..,..,..,..,..,..,..,..,..,..,..,..,..,..,..,..,..,..,..,..,..,866,"1,666","2,978","2,052","2,845","4,262","5,668","6,633",6206,"2,525",,9.9%
Vanuatu,..,..,..,..,..,..,..,..,..,..,..,..,9,7,8,9,8,8,8,7,8,9,14,12,18,14,36,16,22,26,35,53,4,4,5,5,5,6,9,11,12,22,22,24,24.0728176777727,24,,2.9%
"Venezuela, RB",..,..,..,..,..,..,..,..,..,..,..,..,..,..,..,1,..,..,..,..,1,2,2,2,2,2,4,17,17,17,17,19,19,208,143,148,165,151,137,131,143,138,118,120,110.769230769231,111,,0.0%
Vietnam,..,..,..,..,..,..,..,..,..,..,..,..,..,..,..,..,..,..,..,..,..,..,..,..,..,..,..,..,..,..,"1,340","1,100","1,770","2,100","2,310","3,150","3,800","6,180","6,805","6,020","8,260","8,600","10,000","11,000",12000,"12,252",,6.4%
Virgin Islands (U.S.),..,..,..,..,..,..,..,..,..,..,..,..,..,..,..,..,..,..,..,..,..,..,..,..,..,..,..,..,..,..,..,..,..,..,..,..,..,..,..,..,..,..,..,..,..,..,,..
West Bank and Gaza,..,..,..,..,..,..,..,..,..,..,..,..,..,..,..,..,..,..,..,..,..,..,..,..,..,582,542,623,"1,081","1,117","1,010","1,066","1,035",572,637,643,925,"1,073","1,214","1,198","1,509","1,666","2,060","1,748",1990.18631410458,"2,126",,15.6%
"Yemen, Rep.",..,..,..,..,..,..,..,..,..,..,..,..,..,..,..,..,..,..,..,..,"1,500",998,"1,020","1,040","1,060","1,080","1,140","1,170","1,200","1,220","1,290","1,300","1,290","1,270","1,280","1,283","1,283","1,322","1,411","1,160","1,526","1,404","3,351","3,343",3342.5,"3,427",,9.3%
Zambia,..,..,..,..,..,..,..,..,..,..,..,..,..,..,..,..,..,..,..,..,..,..,..,..,..,..,..,..,..,..,..,..,..,36,48,53,58,59,68,41,44,46,73,54,58.3003024332848,59,,0.2%
Zimbabwe,..,..,..,..,..,..,..,18,13,19,17,28,33,20,4,1,1,1,1,1,1,0,1,1,44,..,..,..,..,..,..,..,..,..,..,..,..,..,..,..,..,..,..,..,..,..,,..
World,"1,922","2,464","2,994","3,215","4,536","9,529","11,069","16,830","22,356","28,222","35,814","34,887","36,041","36,578","35,361","34,556","40,459","48,817","52,361","54,749","64,034","67,754","75,215","75,211","85,677","97,889","102,763","117,242","114,005","121,671","126,750","140,339","163,489","197,183","226,426","280,146","324,702","392,510","451,234","421,468","456,639","513,336","533,676","559,945",580364.517653754,"588,199",,..